asset_category,asset_subcategory,standardised_asset_type_name,asset_count,raw_asset_types,source_labels,contracts,assets_with_wkt_pct,assets_with_valid_au_coord_pct,assets_with_condition_pct,assets_with_criticality_pct,assets_with_risk_pct,assets_with_chainage_pct,assets_with_attributes_pct,assets_with_job_pct,assets_with_inspection_pct,assets_with_asset_photo_pct,chainage_length_km_proxy,job_count,inspection_count,capitalwork_count,attribute_rows,distinct_attribute_names,mapping_methods
Barriers / Safety Devices,Crash Cushions / End Treatments,Barrier End Terminal,188,Barrier End Terminal,RAMC / BAC / PoB / TSRC group,Toowoomba Second Range Crossing,100.0%,100.0%,98.9%,0.0%,0.0%,0.0%,100.0%,9.0%,100.0%,0.0%,0.0,20,628,0,2636,15,manual_asset_type_mapping_v5
Barriers / Safety Devices,Crash Cushions / End Treatments,Crash Cushion,135,Crash Cushions,RAMC / BAC / PoB / TSRC group,RAMC - Gen 2 - 2019-2024,100.0%,100.0%,0.0%,0.7%,0.0%,100.0%,100.0%,0.0%,0.0%,98.5%,0.0,0,0,0,135,1,manual_asset_type_mapping_v5
Barriers / Safety Devices,Crash Cushions / End Treatments,Impact Absorption Terminal,37,Impact Absorbtion Terminals,VicRoads,Western Roads Upgrade (WRU),100.0%,100.0%,48.6%,48.6%,0.0%,100.0%,100.0%,16.2%,29.7%,54.1%,0.0,8,12,0,185,5,manual_asset_type_mapping_v5
Barriers / Safety Devices,Fencing,Fence,465,Fences,RAMC / BAC / PoB / TSRC group,Toowoomba Second Range Crossing,100.0%,100.0%,84.7%,0.0%,0.0%,100.0%,100.0%,86.2%,98.7%,0.0%,0.0,2267,1753,0,23578,53,manual_asset_type_mapping_v5
Barriers / Safety Devices,Fencing,Fence Gate,153,Fence Gates,RAMC / BAC / PoB / TSRC group,Toowoomba Second Range Crossing,100.0%,100.0%,100.0%,0.0%,0.0%,0.0%,100.0%,1.3%,100.0%,0.0%,0.0,3,603,0,2292,15,manual_asset_type_mapping_v5
Barriers / Safety Devices,Fencing,Fencing,358,Fencing,VicRoads,"Initial Rehabilitation Works (IRW), Proposed Work Applications (PWA), Western Roads Upgrade (WRU); Initial Rehabilitation Works (IRW), Western Roads Upgrade (WRU); Proposed Work Applications (PWA), Western Roads Upgrade (WRU); Western Roads Upgrade (WRU)",100.0%,100.0%,79.9%,91.1%,0.0%,100.0%,100.0%,36.0%,71.8%,62.6%,85.547,355,871,0,8786,27,manual_asset_type_mapping_v5
Barriers / Safety Devices,Railings,Railing,919,Railings,VNZ,Auckland West Transport,100.0%,100.0%,0.0%,0.0%,0.0%,100.0%,100.0%,0.4%,0.0%,0.0%,0.0,5,0,0,35841,39,manual_asset_type_mapping_v5
Barriers / Safety Devices,Safety Barriers / Guardrail,Guardrail,307,Guardrail,RAMC / BAC / PoB / TSRC group,Brisbane Airport,100.0%,100.0%,100.0%,0.0%,0.0%,0.0%,100.0%,6.2%,0.0%,0.0%,0.0,22,0,4,4298,13,manual_asset_type_mapping_v5
Barriers / Safety Devices,Safety Barriers / Guardrail,Road Barrier,605,Road Barrier,RAMC / BAC / PoB / TSRC group,Toowoomba Second Range Crossing,100.0%,100.0%,79.2%,0.0%,0.0%,100.0%,100.0%,7.4%,99.7%,0.0%,0.0,55,1864,0,34874,58,manual_asset_type_mapping_v5
Barriers / Safety Devices,Safety Barriers / Guardrail,Safety Barrier,4048,Safety Barrier,RMS; RMS new,"SRAP-C; SRAP-C OOC; SRAP-C, SRAP-C OOC",99.7%,99.7%,0.0%,0.0%,0.0%,100.0%,100.0%,33.2%,72.9%,6.2%,445.669,2345,3421,4,185423,46,manual_asset_type_mapping_v5
Barriers / Safety Devices,Safety Barriers / Guardrail,Vehicle Barrier,1242,Vehicle Barriers,VicRoads,"Initial Rehabilitation Works (IRW), Proposed Work Applications (PWA), Western Roads Upgrade (WRU); Initial Rehabilitation Works (IRW), Western Roads Upgrade (WRU); Proposed Work Applications (PWA), Western Roads Upgrade (WRU); Western Roads Upgrade (WRU)",100.0%,100.0%,81.0%,66.9%,0.0%,100.0%,100.0%,58.1%,65.1%,78.3%,3162.666,3139,3172,0,72233,68,manual_asset_type_mapping_v5
Barriers / Safety Devices,Safety Ramps / Arrestor Beds,Arrestor Bed,2,Arrestor Bed,RAMC / BAC / PoB / TSRC group,Toowoomba Second Range Crossing,100.0%,100.0%,0.0%,0.0%,0.0%,100.0%,100.0%,100.0%,100.0%,0.0%,0.0,15,3,0,34,17,manual_asset_type_mapping_v5
Barriers / Safety Devices,Safety Ramps / Arrestor Beds,Safety Ramp,2,Safety Ramp,RMS; RMS new,SRAP-C,100.0%,100.0%,0.0%,0.0%,0.0%,100.0%,100.0%,100.0%,100.0%,0.0%,0.0,8,22,0,48,25,manual_asset_type_mapping_v5
Communications / Monitoring,Communications Systems,Communication Node,94,Communication Node,VentureSmart,VentureSmart,100.0%,100.0%,0.0%,0.0%,0.0%,0.0%,100.0%,92.6%,0.0%,0.0%,0.0,420,0,0,376,4,manual_asset_type_mapping_v5
Communications / Monitoring,Communications Systems,Data Communication System,12,Data Communication Systems,VNS,Sydney Harbour Tunnel (SHT),100.0%,100.0%,0.0%,100.0%,0.0%,0.0%,100.0%,0.0%,0.0%,0.0%,0.0,0,0,0,852,71,manual_asset_type_mapping_v5
Communications / Monitoring,Communications Systems,Motorway Network Communication System,123,Motorway Network Communication System,VNS,Sydney Harbour Tunnel (SHT),100.0%,100.0%,98.4%,100.0%,0.0%,0.0%,100.0%,10.6%,52.0%,0.0%,0.0,13,397,0,9215,75,manual_asset_type_mapping_v5
Communications / Monitoring,Communications Systems,Voice Communication System,317,Voice Communication Systems,VNS,Sydney Harbour Tunnel (SHT),100.0%,100.0%,40.1%,21.1%,0.0%,0.0%,100.0%,4.1%,59.0%,0.0%,0.0,26,926,2,23472,78,manual_asset_type_mapping_v5
Communications / Monitoring,Fibre / Communications Conduits,Fibre,15,Fibre,VentureSmart,VentureSmart,100.0%,100.0%,0.0%,0.0%,0.0%,0.0%,100.0%,0.0%,0.0%,0.0%,0.0,0,0,0,60,4,manual_asset_type_mapping_v5
Communications / Monitoring,Fibre / Communications Conduits,ITS Conduit,603,ITS - Conduits,RAMC / BAC / PoB / TSRC group,Toowoomba Second Range Crossing,100.0%,100.0%,0.0%,0.0%,0.0%,99.8%,100.0%,0.0%,0.0%,0.0%,0.0,0,0,0,27115,46,manual_asset_type_mapping_v5
Communications / Monitoring,Monitoring / Control Systems,Control and Monitoring System,37,Control and Monitorings,VNS,Sydney Harbour Tunnel (SHT),100.0%,100.0%,24.3%,64.9%,0.0%,0.0%,100.0%,8.1%,51.4%,0.0%,0.0,40,73,0,2572,71,manual_asset_type_mapping_v5
Communications / Monitoring,Monitoring / Control Systems,Kurloo Monitoring Point,11,Kurloo Monitoring points,RAMC / BAC / PoB / TSRC group,Toowoomba Second Range Crossing,100.0%,100.0%,0.0%,0.0%,0.0%,0.0%,100.0%,0.0%,100.0%,0.0%,0.0,0,118,0,22,2,manual_asset_type_mapping_v5
Communications / Monitoring,Monitoring / Control Systems,Operations Management Control System,78,Operations Management Control Systems,VNS,Sydney Harbour Tunnel (SHT),100.0%,100.0%,98.7%,98.7%,0.0%,0.0%,100.0%,6.4%,61.5%,5.1%,0.0,6,53,0,5832,75,manual_asset_type_mapping_v5
Communications / Monitoring,Monitoring / Control Systems,Plant Monitoring and Control System,146,Plant Monitoring and Control Systems,VNS,Sydney Harbour Tunnel (SHT),100.0%,100.0%,39.7%,91.1%,0.0%,0.0%,100.0%,11.6%,91.1%,0.0%,0.0,18,226,0,10314,71,manual_asset_type_mapping_v5
Communications / Monitoring,Monitoring / Control Systems,Warning System,150,Warning Systems,VentureSmart,VentureSmart,100.0%,100.0%,0.0%,0.0%,0.0%,0.0%,100.0%,88.7%,0.0%,0.0%,0.0,515,0,0,600,4,manual_asset_type_mapping_v5
Communications / Monitoring,Surveillance Systems,Surveillance and Detection System,373,Surveillance and Detection Systems,VNS,Sydney Harbour Tunnel (SHT),100.0%,100.0%,70.8%,54.4%,0.0%,0.0%,100.0%,12.9%,85.5%,0.0%,0.0,41,1206,0,27343,83,manual_asset_type_mapping_v5
Drainage / Stormwater,Culverts / Watercourse Crossings,Bridge or Major Culvert,192,Bridge/Major Culvert,VicRoads,"Initial Rehabilitation Works (IRW); Initial Rehabilitation Works (IRW), Proposed Work Applications (PWA); Initial Rehabilitation Works (IRW), Proposed Work Applications (PWA), Western Roads Upgrade (WRU); Initial Rehabilitation Works (IRW), Western Roads Upgrade (WRU); Proposed Work Applications (PWA); Proposed Work Applications (PWA), Western Roads Upgrade (WRU); Western Roads Upgrade (WRU)",100.0%,100.0%,0.0%,0.0%,0.0%,100.0%,100.0%,76.6%,72.9%,3.1%,0.0,4745,1929,295,21792,115,manual_asset_type_mapping_v5
Drainage / Stormwater,Culverts / Watercourse Crossings,Bridge-size Culvert,232,Bridge Size Culvert,RMS; RMS new,"SRAP-C; SRAP-C, SRAP-C OOC",100.0%,100.0%,0.0%,0.0%,0.0%,100.0%,100.0%,55.2%,97.4%,0.0%,0.0,238,762,0,22040,95,manual_asset_type_mapping_v5
Drainage / Stormwater,Culverts / Watercourse Crossings,Culvert,20936,Culvert,RAMC / BAC / PoB / TSRC group; RMS; RMS new; VNZ,"Auckland West Transport; Demo Contract, RAMC - Gen 2 - 2019-2024; RAMC - Gen 2 - 2019-2024; SRAP-C; SRAP-C OOC; SRAP-C, SRAP-C OOC",100.0%,100.0%,0.0%,0.0%,0.0%,100.0%,100.0%,4.7%,13.5%,2.2%,0.0,1478,3327,2,1996500,212,manual_asset_type_mapping_v5
Drainage / Stormwater,Culverts / Watercourse Crossings,Major Culvert,44,Major Culvert; Major Culverts,RAMC / BAC / PoB / TSRC group,Port of Brisbane; Toowoomba Second Range Crossing,100.0%,100.0%,11.4%,0.0%,0.0%,88.6%,100.0%,90.9%,81.8%,6.8%,0.0,101,84,0,3825,107,manual_asset_type_mapping_v5
Drainage / Stormwater,Culverts / Watercourse Crossings,Minor Culvert,2572,Minor Culvert; Minor Culverts,RAMC / BAC / PoB / TSRC group; VicRoads,"Initial Rehabilitation Works (IRW), Proposed Work Applications (PWA), Western Roads Upgrade (WRU); Initial Rehabilitation Works (IRW), Western Roads Upgrade (WRU); Proposed Work Applications (PWA), Western Roads Upgrade (WRU); Toowoomba Second Range Crossing; Western Roads Upgrade (WRU)",99.7%,99.7%,98.4%,76.3%,0.0%,100.0%,100.0%,30.4%,30.3%,20.3%,413.284,1115,1720,0,142336,109,manual_asset_type_mapping_v5
Drainage / Stormwater,Culverts / Watercourse Crossings,Watercourse Crossing,96,Water Course Crossings,RAMC / BAC / PoB / TSRC group,Toowoomba Second Range Crossing,100.0%,100.0%,100.0%,0.0%,0.0%,100.0%,100.0%,0.0%,0.0%,0.0%,0.0,0,0,0,864,9,manual_asset_type_mapping_v5
Drainage / Stormwater,Drains / Channels,Airside Drainage,1,Airside Drainage,RAMC / BAC / PoB / TSRC group,Brisbane Airport,100.0%,100.0%,0.0%,0.0%,0.0%,0.0%,0.0%,0.0%,0.0%,0.0%,0.0,0,0,0,0,0,manual_asset_type_mapping_v5
Drainage / Stormwater,Drains / Channels,Drainage,1606,Drainage,RAMC / BAC / PoB / TSRC group,Brisbane Airport,100.0%,100.0%,0.0%,0.0%,0.0%,0.0%,100.0%,1.5%,93.5%,98.9%,0.0,24,1547,13,19272,12,manual_asset_type_mapping_v5
Drainage / Stormwater,Drains / Channels,Drainage Line,5055,Drainage Lines,VicRoads,"Initial Rehabilitation Works (IRW), Proposed Work Applications (PWA), Western Roads Upgrade (WRU); Western Roads Upgrade (WRU)",100.0%,100.0%,0.0%,0.0%,0.0%,100.0%,100.0%,0.2%,0.0%,0.0%,455.948,10,0,0,86344,23,manual_asset_type_mapping_v5
Drainage / Stormwater,Drains / Channels,Drainage System,612,Drainage Systems,VNS,Sydney Harbour Tunnel (SHT),100.0%,100.0%,97.1%,0.3%,0.0%,0.0%,100.0%,2.6%,81.7%,0.0%,0.0,15,1343,3,50116,82,manual_asset_type_mapping_v5
Drainage / Stormwater,Drains / Channels,Open Drainage,38,Open Drainage,RMS; RMS new,SRAP-C,100.0%,100.0%,0.0%,0.0%,0.0%,100.0%,100.0%,0.0%,0.0%,0.0%,4.13,0,0,0,1482,40,manual_asset_type_mapping_v5
Drainage / Stormwater,Drains / Channels,Subsoil Drain,2607,Subsoil Drains,RAMC / BAC / PoB / TSRC group,Toowoomba Second Range Crossing,100.0%,100.0%,37.4%,0.0%,0.0%,100.0%,100.0%,2.3%,100.0%,0.0%,0.0,63,5845,0,91565,37,manual_asset_type_mapping_v5
Drainage / Stormwater,Drains / Channels,Subsoil Drain Outlet,1634,Subsoil Drain Outlets,RAMC / BAC / PoB / TSRC group,Toowoomba Second Range Crossing,100.0%,100.0%,99.9%,0.0%,0.0%,0.0%,100.0%,0.2%,100.0%,0.0%,0.0,4,3324,0,24510,15,manual_asset_type_mapping_v5
Drainage / Stormwater,Drains / Channels,Table Drain,1364,Table Drain,RAMC / BAC / PoB / TSRC group; VicRoads,"Brisbane Airport; Initial Rehabilitation Works (IRW), Proposed Work Applications (PWA), Western Roads Upgrade (WRU); Initial Rehabilitation Works (IRW), Western Roads Upgrade (WRU); Proposed Work Applications (PWA), Western Roads Upgrade (WRU); RAMC - Gen 2 - 2019-2024; Western Roads Upgrade (WRU)",100.0%,100.0%,62.2%,60.3%,0.0%,65.6%,100.0%,42.6%,68.9%,51.9%,2.2,800,2090,0,18828,51,manual_asset_type_mapping_v5
Drainage / Stormwater,Drains / Channels,Table Drain - AGAZ,826,Table Drain-AGAZ,RAMC / BAC / PoB / TSRC group,RAMC - Gen 2 - 2019-2024,100.0%,100.0%,0.0%,0.0%,0.0%,100.0%,100.0%,0.0%,0.0%,0.0%,394.891,0,0,0,24772,29,manual_asset_type_mapping_v5
Drainage / Stormwater,Drains / Channels,Table Drain - GAZ,1757,Table Drain-GAZ,RAMC / BAC / PoB / TSRC group,RAMC - Gen 2 - 2019-2024,100.0%,100.0%,0.1%,0.1%,0.0%,100.0%,100.0%,9.9%,0.0%,37.2%,816.212,277,0,0,54471,31,manual_asset_type_mapping_v5
Drainage / Stormwater,Drains / Channels,Table Drain - TSRC,1750,Table Drain (TSRC),RAMC / BAC / PoB / TSRC group,Toowoomba Second Range Crossing,100.0%,100.0%,99.9%,0.0%,0.0%,100.0%,100.0%,31.2%,97.2%,0.0%,0.0,669,5911,0,104187,60,manual_asset_type_mapping_v5
Drainage / Stormwater,Drains / Channels,Trench Drain,1,Trench Drain,RAMC / BAC / PoB / TSRC group,RAMC - Gen 2 - 2019-2024,100.0%,100.0%,0.0%,0.0%,0.0%,100.0%,100.0%,0.0%,0.0%,100.0%,0.0,0,0,0,5,5,manual_asset_type_mapping_v5
Drainage / Stormwater,Pipes / Valves,Penstock,1,Penstock,RAMC / BAC / PoB / TSRC group,Port of Brisbane,100.0%,100.0%,0.0%,0.0%,0.0%,0.0%,0.0%,100.0%,0.0%,0.0%,0.0,3,0,0,0,0,manual_asset_type_mapping_v5
Drainage / Stormwater,Pipes / Valves,Pipe,3632,Pipe,RAMC / BAC / PoB / TSRC group,"Demo Contract, RAMC - Gen 2 - 2019-2024; RAMC - Gen 2 - 2019-2024",100.0%,100.0%,0.1%,0.0%,0.0%,100.0%,100.0%,28.2%,1.1%,84.7%,0.0,2012,40,1,187625,58,manual_asset_type_mapping_v5
Drainage / Stormwater,Pipes / Valves,Valve,5,Valves,RAMC / BAC / PoB / TSRC group,Toowoomba Second Range Crossing,100.0%,100.0%,0.0%,0.0%,0.0%,0.0%,100.0%,0.0%,0.0%,0.0%,0.0,0,0,0,25,5,manual_asset_type_mapping_v5
Drainage / Stormwater,Pits / Inlets,Field Inlet,397,Field Inlet,RAMC / BAC / PoB / TSRC group,"Demo Contract; Demo Contract, RAMC - Gen 2 - 2019-2024; RAMC - Gen 2 - 2019-2024",100.0%,100.0%,0.5%,0.0%,0.0%,100.0%,100.0%,36.0%,0.0%,90.7%,0.0,409,0,0,9131,23,manual_asset_type_mapping_v5
Drainage / Stormwater,Pits / Inlets,Gully Pit,4659,Gully Pit,RAMC / BAC / PoB / TSRC group,"Demo Contract; Demo Contract, RAMC - Gen 2 - 2019-2024; RAMC - Gen 2 - 2019-2024",100.0%,100.0%,0.1%,0.0%,0.0%,100.0%,100.0%,32.0%,0.0%,93.6%,0.0,6150,0,0,102498,22,manual_asset_type_mapping_v5
Drainage / Stormwater,Pits / Inlets,Pit,27321,Pit,RAMC / BAC / PoB / TSRC group; VicRoads,"Initial Rehabilitation Works (IRW), Proposed Work Applications (PWA), Western Roads Upgrade (WRU); Initial Rehabilitation Works (IRW), Western Roads Upgrade (WRU); Proposed Work Applications (PWA), Western Roads Upgrade (WRU); Toowoomba Second Range Crossing; Western Roads Upgrade (WRU)",100.0%,100.0%,85.7%,68.2%,0.0%,100.0%,100.0%,19.1%,29.8%,28.3%,0.0,14737,15753,3,1172816,88,manual_asset_type_mapping_v5
Drainage / Stormwater,Pollution / Debris Capture,Gross Pollutant Trap,20,Gross Pollutant Traps,RAMC / BAC / PoB / TSRC group,Port of Brisbane,100.0%,100.0%,0.0%,0.0%,0.0%,0.0%,100.0%,95.0%,0.0%,0.0%,0.0,40,0,0,80,4,manual_asset_type_mapping_v5
Drainage / Stormwater,Pollution / Debris Capture,Spill Capture,5,Spill Captures,RAMC / BAC / PoB / TSRC group,Port of Brisbane,100.0%,100.0%,0.0%,0.0%,0.0%,0.0%,100.0%,100.0%,0.0%,0.0%,0.0,9,0,0,15,3,manual_asset_type_mapping_v5
Drainage / Stormwater,Pollution / Debris Capture,Trash Rack,14,Trash Racks,RAMC / BAC / PoB / TSRC group,Port of Brisbane,100.0%,100.0%,0.0%,0.0%,0.0%,0.0%,100.0%,100.0%,0.0%,0.0%,0.0,79,0,0,56,4,manual_asset_type_mapping_v5
Drainage / Stormwater,Pumps / Hydraulic Controls,Hydraulic Treatment and Pumping System,66,Hydraulic Treatment and Pumping Systems,VNS,Sydney Harbour Tunnel (SHT),100.0%,100.0%,74.2%,28.8%,0.0%,0.0%,100.0%,47.0%,83.3%,0.0%,0.0,83,904,1,5124,78,manual_asset_type_mapping_v5
Drainage / Stormwater,Pumps / Hydraulic Controls,Pump Station,2,Pump Station,RMS; RMS new,SRAP-C,100.0%,100.0%,100.0%,0.0%,0.0%,100.0%,100.0%,100.0%,100.0%,100.0%,0.0,4,64,0,94,47,manual_asset_type_mapping_v5
Drainage / Stormwater,Rain Gardens,Stormwater Rain Garden,169,SW Rain Gardens,VNZ,Auckland West Transport,100.0%,100.0%,0.0%,0.0%,0.0%,100.0%,100.0%,0.0%,0.0%,0.0%,0.0,0,0,0,1014,6,manual_asset_type_mapping_v5
Drainage / Stormwater,Stormwater Systems / Treatment,Stormwater,18596,Storm Waters,VNZ,Auckland West Transport,100.0%,100.0%,0.0%,0.0%,0.0%,100.0%,100.0%,0.3%,0.0%,0.0%,0.0,60,0,0,92980,5,manual_asset_type_mapping_v5
Drainage / Stormwater,Stormwater Systems / Treatment,Stormwater Quality Improvement,62,Stormwater Quality Improvement,RMS; RMS new,SRAP-C,100.0%,100.0%,0.0%,0.0%,0.0%,100.0%,100.0%,96.8%,100.0%,3.2%,0.0,170,240,0,1684,28,manual_asset_type_mapping_v5
Earthworks / Geotechnical,Slopes / Embankments,Embankment,168,Embankments,VicRoads,Western Roads Upgrade (WRU),100.0%,100.0%,100.0%,100.0%,0.0%,100.0%,100.0%,4.8%,11.9%,63.7%,0.0,9,32,0,840,5,manual_asset_type_mapping_v5
Earthworks / Geotechnical,Slopes / Embankments,Embankment Monitoring,721,Embankment Monitoring,RAMC / BAC / PoB / TSRC group,Toowoomba Second Range Crossing,100.0%,100.0%,100.0%,0.0%,0.0%,100.0%,100.0%,2.4%,56.7%,0.0%,0.0,17,655,0,26476,40,manual_asset_type_mapping_v5
Earthworks / Geotechnical,Slopes / Embankments,Slope,2220,Slope,RAMC / BAC / PoB / TSRC group; RMS; RMS new,"SRAP-C; SRAP-C OOC; SRAP-C, SRAP-C OOC; Toowoomba Second Range Crossing",98.8%,98.8%,11.3%,0.1%,0.0%,100.0%,100.0%,15.4%,79.4%,0.7%,398.337,454,3284,7,102632,116,manual_asset_type_mapping_v5
Environment / Monitoring,Air Monitoring,Air Monitoring System,27,Air Monitoring Systems,VNS,Sydney Harbour Tunnel (SHT),100.0%,100.0%,100.0%,33.3%,0.0%,0.0%,100.0%,25.9%,55.6%,0.0%,0.0,8,114,0,2025,75,manual_asset_type_mapping_v5
Environment / Monitoring,Water Quality,Water Quality,32,Water Quality,RAMC / BAC / PoB / TSRC group,Toowoomba Second Range Crossing,100.0%,100.0%,100.0%,0.0%,0.0%,100.0%,100.0%,43.8%,100.0%,0.0%,0.0,19,64,0,2496,78,manual_asset_type_mapping_v5
Facilities / Buildings,Building Components,Door and Frame,4,Doors and Frames,RAMC / BAC / PoB / TSRC group,Toowoomba Second Range Crossing,100.0%,100.0%,100.0%,0.0%,0.0%,0.0%,100.0%,100.0%,0.0%,0.0%,0.0,20,0,0,24,6,manual_asset_type_mapping_v5
Facilities / Buildings,Buildings / Depots,Building,2,Building; Buildings,RAMC / BAC / PoB / TSRC group; VNS,Sydney Harbour Tunnel (SHT); Toowoomba Second Range Crossing,100.0%,100.0%,0.0%,50.0%,0.0%,50.0%,100.0%,50.0%,50.0%,0.0%,0.0,10,27,0,130,129,manual_asset_type_mapping_v5
Facilities / Buildings,Buildings / Depots,Depot,9,Depot,RMS; RMS new; VNZ,Auckland West Transport; SRAP-C,100.0%,100.0%,0.0%,0.0%,0.0%,11.1%,88.9%,100.0%,0.0%,0.0%,0.0,7968,0,0,24,4,manual_asset_type_mapping_v5
Facilities / Buildings,Buildings / Depots,Disaster Recovery Building,12,Disaster recovery building,RAMC / BAC / PoB / TSRC group,Toowoomba Second Range Crossing,100.0%,100.0%,100.0%,0.0%,0.0%,0.0%,100.0%,0.0%,0.0%,0.0%,0.0,0,0,0,36,3,manual_asset_type_mapping_v5
Facilities / Buildings,Buildings / Depots,Other Building Asset,1,Other Building Assets,RAMC / BAC / PoB / TSRC group,Toowoomba Second Range Crossing,100.0%,100.0%,0.0%,0.0%,0.0%,0.0%,100.0%,0.0%,0.0%,0.0%,0.0,0,0,0,1,1,manual_asset_type_mapping_v5
Facilities / Buildings,Control Rooms,TCC Operation Room,14,TCC Operation Room,RAMC / BAC / PoB / TSRC group,Toowoomba Second Range Crossing,100.0%,100.0%,100.0%,0.0%,0.0%,0.0%,100.0%,0.0%,0.0%,0.0%,0.0,0,0,0,42,3,manual_asset_type_mapping_v5
Facilities / Buildings,Control Rooms,TCC Server Room,22,TCC Server Room,RAMC / BAC / PoB / TSRC group,Toowoomba Second Range Crossing,100.0%,100.0%,100.0%,0.0%,0.0%,0.0%,100.0%,13.6%,9.1%,0.0%,0.0,3,5,0,70,5,manual_asset_type_mapping_v5
Facilities / Buildings,Yards / Wash Bays,Compound Yard/Outer Grounds,1,Compound Yard/Outer Grounds,RAMC / BAC / PoB / TSRC group,Toowoomba Second Range Crossing,100.0%,100.0%,0.0%,0.0%,0.0%,0.0%,100.0%,100.0%,0.0%,0.0%,0.0,5,0,0,1,1,manual_asset_type_mapping_v5
Facilities / Buildings,Yards / Wash Bays,Wash Bay,1,Wash Bay,RAMC / BAC / PoB / TSRC group,Toowoomba Second Range Crossing,100.0%,100.0%,0.0%,0.0%,0.0%,0.0%,0.0%,100.0%,100.0%,0.0%,0.0,2,4,0,0,0,manual_asset_type_mapping_v5
Footpath / Pedestrian / Access,Access Points,Access Point,34,AP - Access Points,RMS; RMS new,SRAP-C,100.0%,100.0%,0.0%,0.0%,0.0%,0.0%,100.0%,11.8%,0.0%,0.0%,0.0,18,0,0,2244,68,manual_asset_type_mapping_v5
Footpath / Pedestrian / Access,Access Ramps,Boat Ramp,3,Boat Ramps,RAMC / BAC / PoB / TSRC group,Port of Brisbane,100.0%,100.0%,0.0%,0.0%,0.0%,0.0%,100.0%,100.0%,0.0%,0.0%,0.0,19,0,0,3,1,manual_asset_type_mapping_v5
Footpath / Pedestrian / Access,Crossings,Crossing,16629,Crossings,VNZ,Auckland West Transport,100.0%,100.0%,0.0%,0.0%,0.0%,100.0%,100.0%,0.0%,0.0%,0.0%,0.0,1,0,0,731676,44,manual_asset_type_mapping_v5
Footpath / Pedestrian / Access,Crossings,Vehicle Crossing,8,Vehicle Crossings,RAMC / BAC / PoB / TSRC group; VNZ,Auckland West Transport; Toowoomba Second Range Crossing,100.0%,100.0%,100.0%,0.0%,0.0%,100.0%,100.0%,50.0%,50.0%,0.0%,0.0,4,7,0,252,32,manual_asset_type_mapping_v5
Footpath / Pedestrian / Access,Cycleways,Cycleway,2,Cycleway,RMS; RMS new,SRAP-C,100.0%,100.0%,0.0%,0.0%,0.0%,100.0%,100.0%,100.0%,100.0%,0.0%,6.84,16,2,0,72,36,manual_asset_type_mapping_v5
Footpath / Pedestrian / Access,Footpaths / Pathways,Footpath,10184,Footpath; Footpaths,RAMC / BAC / PoB / TSRC group; VNZ,Auckland West Transport; Brisbane Airport,100.0%,100.0%,0.0%,0.0%,0.0%,93.8%,100.0%,0.8%,0.3%,0.0%,0.0,95,28,5,436894,55,manual_asset_type_mapping_v5
Footpath / Pedestrian / Access,Footpaths / Pathways,Pathway,190,Pathway; Pathways,RAMC / BAC / PoB / TSRC group; VicRoads,Toowoomba Second Range Crossing; Western Roads Upgrade (WRU),100.0%,100.0%,98.4%,87.9%,0.0%,95.8%,100.0%,75.8%,98.4%,4.2%,23.576,631,761,0,5211,72,manual_asset_type_mapping_v5
ITS / Traffic Control,Bluetooth / Tolling,Bluetooth Beacon,829,Bluetooth Beacon,VentureSmart,VentureSmart,100.0%,100.0%,0.0%,0.0%,0.0%,0.0%,100.0%,89.4%,0.0%,0.0%,0.0,3020,0,0,3316,4,manual_asset_type_mapping_v5
ITS / Traffic Control,Bluetooth / Tolling,Bluetooth Device,10,ITS - Bluetooth Device,RAMC / BAC / PoB / TSRC group,Toowoomba Second Range Crossing,100.0%,100.0%,100.0%,0.0%,0.0%,0.0%,100.0%,0.0%,0.0%,0.0%,0.0,0,0,0,100,10,manual_asset_type_mapping_v5
ITS / Traffic Control,Bluetooth / Tolling,Tolling Point,1,ITS - Tolling Point,RAMC / BAC / PoB / TSRC group,Toowoomba Second Range Crossing,100.0%,100.0%,0.0%,0.0%,0.0%,100.0%,100.0%,100.0%,0.0%,0.0%,0.0,1,0,0,8,8,manual_asset_type_mapping_v5
ITS / Traffic Control,Cameras / CCTV,Closed Circuit Television,1041,Close Circuit Television; ITS - CCTV,RAMC / BAC / PoB / TSRC group; VentureSmart,Toowoomba Second Range Crossing; VentureSmart,100.0%,100.0%,1.9%,0.0%,0.0%,0.0%,100.0%,78.7%,1.9%,0.0%,0.0,3799,187,0,4284,14,manual_asset_type_mapping_v5
ITS / Traffic Control,Cameras / CCTV,QPS Camera,10,ITS - QPS Camera,RAMC / BAC / PoB / TSRC group,Toowoomba Second Range Crossing,100.0%,100.0%,100.0%,0.0%,0.0%,0.0%,100.0%,10.0%,0.0%,0.0%,0.0,1,0,0,110,11,manual_asset_type_mapping_v5
ITS / Traffic Control,Cameras / CCTV,Webcam,4,ITS - Webcam,RAMC / BAC / PoB / TSRC group,Toowoomba Second Range Crossing,100.0%,100.0%,100.0%,0.0%,0.0%,0.0%,100.0%,25.0%,0.0%,0.0%,0.0,1,0,0,40,10,manual_asset_type_mapping_v5
ITS / Traffic Control,Detection / Classification,Infrared Traffic Logger,38,TIRTL - Infra Red Traffic Logger,RMS; RMS new,SRAP-C,100.0%,100.0%,0.0%,0.0%,0.0%,0.0%,100.0%,100.0%,100.0%,0.0%,0.0,176,38,0,2166,59,manual_asset_type_mapping_v5
ITS / Traffic Control,Detection / Classification,Over-height Detection System,32,OHDS - Over Height Detection Systems,RMS; RMS new,SRAP-C,100.0%,100.0%,0.0%,0.0%,0.0%,0.0%,100.0%,50.0%,81.2%,0.0%,0.0,48,26,0,2496,78,manual_asset_type_mapping_v5
ITS / Traffic Control,Detection / Classification,Over-speed Detection System,170,OSDS - Over Speed Detection Systems,RMS; RMS new,SRAP-C,100.0%,100.0%,0.0%,0.0%,0.0%,0.0%,100.0%,30.6%,95.3%,0.0%,0.0,156,162,4,9744,58,manual_asset_type_mapping_v5
ITS / Traffic Control,Detection / Classification,Traffic Measurement System,2,Traffic Measurement System,VicRoads,Western Roads Upgrade (WRU),100.0%,100.0%,100.0%,100.0%,0.0%,100.0%,100.0%,100.0%,0.0%,0.0%,0.0,2,0,0,20,10,manual_asset_type_mapping_v5
ITS / Traffic Control,Detection / Classification,Traffic Monitoring Unit,126,TMU - Traffic Monitoring Unit,RMS; RMS new,SRAP-C,100.0%,100.0%,0.0%,0.0%,0.0%,0.0%,100.0%,63.5%,73.0%,0.0%,0.0,530,100,0,9984,65,manual_asset_type_mapping_v5
ITS / Traffic Control,Detection / Classification,Vehicle Detection Station,745,Vehicle Detection Station,VentureSmart,VentureSmart,100.0%,100.0%,0.0%,0.0%,0.0%,0.0%,100.0%,61.2%,0.0%,0.0%,0.0,1894,0,0,2980,4,manual_asset_type_mapping_v5
ITS / Traffic Control,Detection / Classification,Vehicle Detection and Classification System,624,VDCS - Vehicle Detection & Classification System,RMS; RMS new,SRAP-C,100.0%,100.0%,0.0%,0.0%,0.0%,0.0%,100.0%,15.1%,53.5%,0.3%,0.0,272,334,0,41184,66,manual_asset_type_mapping_v5
ITS / Traffic Control,Detection / Classification,Vehicle Detector and Classifier,21,ITS - Vehicle Detector and Classifier,RAMC / BAC / PoB / TSRC group,Toowoomba Second Range Crossing,100.0%,100.0%,100.0%,0.0%,0.0%,0.0%,100.0%,100.0%,100.0%,0.0%,0.0,119,67,0,231,11,manual_asset_type_mapping_v5
ITS / Traffic Control,Detection / Classification,Weigh in Motion,26,WIM - Weigh in Motion,RMS; RMS new,SRAP-C,100.0%,100.0%,0.0%,0.0%,0.0%,0.0%,100.0%,100.0%,100.0%,0.0%,0.0,62,28,0,1748,70,manual_asset_type_mapping_v5
ITS / Traffic Control,Emergency Phones,Emergency Phone,792,METS - Emergency Phones,RMS; RMS new,SRAP-C,100.0%,100.0%,0.0%,0.0%,0.0%,0.0%,100.0%,80.3%,79.8%,0.0%,0.0,2040,634,0,29630,38,manual_asset_type_mapping_v5
ITS / Traffic Control,Emergency Phones,Help Phone,614,Help Phone,VentureSmart,VentureSmart,100.0%,100.0%,0.0%,0.0%,0.0%,0.0%,100.0%,83.4%,0.0%,0.0%,0.0,2166,0,0,2456,4,manual_asset_type_mapping_v5
ITS / Traffic Control,ITS Field Infrastructure,ITS Electrical and Communications Pit,1211,ITS - Elec & Coms Pits,RAMC / BAC / PoB / TSRC group,Toowoomba Second Range Crossing,100.0%,100.0%,100.0%,0.0%,0.0%,100.0%,100.0%,0.4%,0.0%,0.0%,0.0,5,0,0,23001,19,manual_asset_type_mapping_v5
ITS / Traffic Control,ITS Field Infrastructure,ITS Field Cabinet,48,ITS - Field Cabinet,RAMC / BAC / PoB / TSRC group,Toowoomba Second Range Crossing,100.0%,100.0%,100.0%,0.0%,0.0%,100.0%,100.0%,33.3%,97.9%,0.0%,0.0,22,238,0,1728,36,manual_asset_type_mapping_v5
ITS / Traffic Control,Traffic Control Systems,Lane Use Management System,36,Lane Use Management System,VentureSmart,VentureSmart,100.0%,100.0%,0.0%,0.0%,0.0%,0.0%,100.0%,0.0%,0.0%,0.0%,0.0,0,0,0,144,4,manual_asset_type_mapping_v5
ITS / Traffic Control,Traffic Control Systems,Ramp Metering Control Signal,16,RMCS - Ramp Metering Control Signals,RMS; RMS new,SRAP-C,100.0%,100.0%,0.0%,0.0%,0.0%,0.0%,100.0%,12.5%,0.0%,0.0%,0.0,2,0,0,288,19,manual_asset_type_mapping_v5
ITS / Traffic Control,Traffic Control Systems,Traffic Facilities,626,Traffic Facilities,VNZ,Auckland West Transport,100.0%,100.0%,0.0%,0.0%,0.0%,100.0%,100.0%,0.2%,0.0%,0.0%,0.0,1,0,0,22536,36,manual_asset_type_mapping_v5
ITS / Traffic Control,Traffic Control Systems,Traffic Management Device,34,Traffic Management Device,RAMC / BAC / PoB / TSRC group,Toowoomba Second Range Crossing,100.0%,100.0%,82.4%,0.0%,0.0%,100.0%,100.0%,26.5%,70.6%,0.0%,0.0,9,40,0,1799,54,manual_asset_type_mapping_v5
ITS / Traffic Control,Traffic Control Systems,Traffic Management System,18,Traffic Management System,VicRoads,Western Roads Upgrade (WRU),100.0%,100.0%,100.0%,100.0%,0.0%,100.0%,100.0%,100.0%,0.0%,0.0%,0.0,21,0,8,126,7,manual_asset_type_mapping_v5
ITS / Traffic Control,Traffic Monitoring / Weather,Road Weather Information System,8,RWIS - Road Weather Info Systems,RMS; RMS new,SRAP-C,100.0%,100.0%,0.0%,0.0%,0.0%,0.0%,0.0%,0.0%,0.0%,0.0%,0.0,0,0,0,0,0,manual_asset_type_mapping_v5
ITS / Traffic Control,Traffic Monitoring / Weather,Road Weather Monitoring System,1,ITS - Road Weather Monitoring System,RAMC / BAC / PoB / TSRC group,Toowoomba Second Range Crossing,100.0%,100.0%,100.0%,0.0%,0.0%,0.0%,100.0%,100.0%,100.0%,0.0%,0.0,1,22,0,10,10,manual_asset_type_mapping_v5
ITS / Traffic Control,Traffic Signals,Ramp Signal Controller,31,Ramp Signal Controller,VentureSmart,VentureSmart,100.0%,100.0%,0.0%,0.0%,0.0%,0.0%,100.0%,0.0%,0.0%,0.0%,0.0,0,0,0,124,4,manual_asset_type_mapping_v5
ITS / Traffic Control,Traffic Signals,Traffic Control Signal,1894,TCS - Traffic Control Signals,RMS; RMS new,SRAP-C,100.0%,100.0%,0.0%,0.0%,0.0%,0.0%,100.0%,99.8%,89.0%,0.2%,0.0,57652,2776,48,154245,82,manual_asset_type_mapping_v5
ITS / Traffic Control,Traffic Signals,Traffic Control Signal Lantern,5506,TCS (Lanterns),RMS; RMS new,SRAP-C,100.0%,100.0%,0.0%,0.0%,0.0%,0.0%,100.0%,0.0%,0.0%,0.0%,0.0,0,0,0,396432,73,manual_asset_type_mapping_v5
ITS / Traffic Control,Traffic Signals,Traffic Control Signal Loop,2690,TCS (Loops),RMS; RMS new,SRAP-C,100.0%,100.0%,0.0%,0.0%,0.0%,0.0%,100.0%,0.0%,0.0%,0.0%,0.0,0,0,0,16140,7,manual_asset_type_mapping_v5
ITS / Traffic Control,Traffic Signals,Traffic Control Signal Post,3942,TCS (Post),RMS; RMS new,SRAP-C,100.0%,100.0%,0.0%,0.0%,0.0%,0.0%,100.0%,0.0%,0.0%,0.0%,0.0,0,0,0,94608,25,manual_asset_type_mapping_v5
ITS / Traffic Control,Traffic Signals,Traffic Signal,1318,Traffic Signals,RAMC / BAC / PoB / TSRC group; VentureSmart,Toowoomba Second Range Crossing; VentureSmart,100.0%,100.0%,10.9%,0.0%,0.0%,10.9%,100.0%,87.1%,6.7%,0.0%,0.0,5835,278,0,14810,76,manual_asset_type_mapping_v5
Kerb / Channel / Road Edge,Kerb and Channel,Channel,11639,Channel,VNZ,Auckland West Transport,100.0%,100.0%,0.0%,0.0%,0.0%,100.0%,100.0%,1.0%,0.0%,0.0%,0.0,154,0,0,465560,40,manual_asset_type_mapping_v5
Kerb / Channel / Road Edge,Kerb and Channel,Kerb,898,Kerbs,RAMC / BAC / PoB / TSRC group,Brisbane Airport,100.0%,100.0%,0.0%,0.0%,0.0%,0.0%,100.0%,0.0%,0.0%,0.0%,0.0,0,0,3,10776,12,manual_asset_type_mapping_v5
Kerb / Channel / Road Edge,Kerb and Channel,Kerb and Channel,27898,Kerb and Channel,RAMC / BAC / PoB / TSRC group; VicRoads,Toowoomba Second Range Crossing; Western Roads Upgrade (WRU),100.0%,100.0%,82.4%,96.0%,0.0%,100.0%,100.0%,9.5%,0.8%,0.2%,3.933,3860,901,0,274959,58,manual_asset_type_mapping_v5
Kerb / Channel / Road Edge,Shoulders / Berms,Berm,8843,Berms,VNZ,Auckland West Transport,100.0%,100.0%,0.0%,0.0%,0.0%,100.0%,100.0%,0.1%,0.0%,0.0%,0.0,6,0,0,123802,14,manual_asset_type_mapping_v5
Kerb / Channel / Road Edge,Shoulders / Berms,Road Shoulder,581,Road Shoulder,VicRoads,Western Roads Upgrade (WRU),100.0%,100.0%,98.3%,0.0%,0.0%,100.0%,100.0%,43.7%,0.0%,2.4%,79.78,839,0,0,4061,7,manual_asset_type_mapping_v5
Kerb / Channel / Road Edge,Shoulders / Berms,Shoulder,323,Shoulders,VNZ,Auckland West Transport,100.0%,100.0%,0.0%,0.0%,0.0%,100.0%,100.0%,1.5%,0.0%,0.0%,0.0,5,0,0,16150,49,manual_asset_type_mapping_v5
Lighting / Electrical / Mechanical,Electrical Distribution,Distribution Board,32,Distribution Boards,RAMC / BAC / PoB / TSRC group,Port of Brisbane,100.0%,100.0%,0.0%,0.0%,0.0%,0.0%,100.0%,0.0%,0.0%,0.0%,0.0,0,0,0,32,1,manual_asset_type_mapping_v5
Lighting / Electrical / Mechanical,Electrical Distribution,Electrical,3,Electrical,RAMC / BAC / PoB / TSRC group,Toowoomba Second Range Crossing,100.0%,100.0%,100.0%,0.0%,0.0%,0.0%,100.0%,0.0%,66.7%,0.0%,0.0,0,12,0,23,8,manual_asset_type_mapping_v5
Lighting / Electrical / Mechanical,Electrical Distribution,ITS Switchboard,27,ITS - Switchboard,RAMC / BAC / PoB / TSRC group,Toowoomba Second Range Crossing,100.0%,100.0%,0.0%,0.0%,0.0%,100.0%,100.0%,14.8%,55.6%,0.0%,0.0,4,25,0,814,32,manual_asset_type_mapping_v5
Lighting / Electrical / Mechanical,Electrical Distribution,Low Voltage System,251,Low Voltage Systems,VNS,Sydney Harbour Tunnel (SHT),100.0%,100.0%,87.3%,41.0%,0.0%,0.0%,100.0%,6.8%,84.5%,0.8%,0.0,17,1715,1,18918,78,manual_asset_type_mapping_v5
Lighting / Electrical / Mechanical,Fire Systems,Fire Detection and Suppression System,1859,Fire Detection and Suppression Systems,VNS,Sydney Harbour Tunnel (SHT),100.0%,100.0%,70.3%,58.6%,0.0%,0.0%,100.0%,8.8%,63.2%,0.1%,0.0,69,9892,6,144315,80,manual_asset_type_mapping_v5
Lighting / Electrical / Mechanical,Fire Systems,Fire System,1,Fire Systems,RAMC / BAC / PoB / TSRC group,Toowoomba Second Range Crossing,100.0%,100.0%,0.0%,0.0%,0.0%,0.0%,0.0%,0.0%,0.0%,0.0%,0.0,0,0,0,0,0,manual_asset_type_mapping_v5
Lighting / Electrical / Mechanical,Fire Systems,Operations and Maintenance Fire System,6,O&M Fire Systems,RAMC / BAC / PoB / TSRC group,Toowoomba Second Range Crossing,100.0%,100.0%,100.0%,0.0%,0.0%,0.0%,100.0%,33.3%,0.0%,0.0%,0.0,65,0,0,40,8,manual_asset_type_mapping_v5
Lighting / Electrical / Mechanical,Fire Systems,Passive Fire System,1,Passive Fire Systems,RAMC / BAC / PoB / TSRC group,Toowoomba Second Range Crossing,100.0%,100.0%,100.0%,0.0%,0.0%,0.0%,100.0%,100.0%,0.0%,0.0%,0.0,10,0,0,4,4,manual_asset_type_mapping_v5
Lighting / Electrical / Mechanical,Fire Systems,Portable Fire Equipment,31,Portable Fire Equipment,RAMC / BAC / PoB / TSRC group,Toowoomba Second Range Crossing,100.0%,100.0%,100.0%,0.0%,0.0%,0.0%,100.0%,100.0%,0.0%,0.0%,0.0,536,0,0,302,10,manual_asset_type_mapping_v5
Lighting / Electrical / Mechanical,Lighting Assets,Lighting,548,Lighting,RAMC / BAC / PoB / TSRC group,Toowoomba Second Range Crossing,100.0%,100.0%,100.0%,0.0%,0.0%,100.0%,100.0%,1.3%,0.0%,0.0%,0.0,8,0,0,34518,62,manual_asset_type_mapping_v5
Lighting / Electrical / Mechanical,Lighting Assets,Lighting and Switching System,674,Lighting and Switching Systems,VNS,Sydney Harbour Tunnel (SHT),100.0%,100.0%,90.9%,56.2%,0.0%,0.0%,100.0%,3.9%,93.9%,0.0%,0.0,27,3020,3,51724,78,manual_asset_type_mapping_v5
Lighting / Electrical / Mechanical,Lighting Assets,Road Lighting,825,Road Lighting,VentureSmart,VentureSmart,100.0%,100.0%,0.0%,0.0%,0.0%,0.0%,100.0%,84.8%,0.0%,0.2%,0.0,3283,0,2,3300,4,manual_asset_type_mapping_v5
Lighting / Electrical / Mechanical,Lighting Assets,Street and Area Lighting,637,Street & Area Lighting,RAMC / BAC / PoB / TSRC group,Port of Brisbane,100.0%,100.0%,0.0%,0.0%,0.0%,0.0%,100.0%,8.9%,0.0%,0.0%,0.0,38,0,0,16556,26,manual_asset_type_mapping_v5
Lighting / Electrical / Mechanical,Lighting Assets,Streetlight,15332,Streetlight,RMS; RMS new,SRAP-C,100.0%,100.0%,0.0%,0.0%,0.0%,0.0%,100.0%,8.0%,5.9%,1.6%,0.0,5360,974,14,979939,65,manual_asset_type_mapping_v5
Lighting / Electrical / Mechanical,Mechanical / HVAC / Ventilation,HVAC,126,HVAC,VNS,Sydney Harbour Tunnel (SHT),100.0%,100.0%,42.1%,81.0%,0.0%,0.0%,100.0%,11.9%,42.9%,0.8%,0.0,20,1163,2,9241,78,manual_asset_type_mapping_v5
Lighting / Electrical / Mechanical,Mechanical / HVAC / Ventilation,Mechanical,35,Mechanical,RAMC / BAC / PoB / TSRC group,Toowoomba Second Range Crossing,100.0%,100.0%,100.0%,0.0%,0.0%,0.0%,100.0%,94.3%,100.0%,0.0%,0.0,322,291,0,342,10,manual_asset_type_mapping_v5
Lighting / Electrical / Mechanical,Mechanical / HVAC / Ventilation,Ventilation System,237,Ventilation Systems,VNS,Sydney Harbour Tunnel (SHT),100.0%,100.0%,84.0%,81.0%,0.0%,0.0%,100.0%,8.9%,70.9%,0.0%,0.0,24,2973,0,18164,78,manual_asset_type_mapping_v5
Lighting / Electrical / Mechanical,UPS / Generators,Operations and Maintenance Building Generator,1,O&M Building Generator,RAMC / BAC / PoB / TSRC group,Toowoomba Second Range Crossing,100.0%,100.0%,0.0%,0.0%,0.0%,0.0%,100.0%,0.0%,100.0%,0.0%,0.0,0,1,0,3,3,manual_asset_type_mapping_v5
Lighting / Electrical / Mechanical,UPS / Generators,UPS and Generator System,21,UPS and Generator Systems,VNS,Sydney Harbour Tunnel (SHT),100.0%,100.0%,100.0%,100.0%,0.0%,0.0%,100.0%,66.7%,38.1%,0.0%,0.0,16,631,2,1638,78,manual_asset_type_mapping_v5
Lighting / Electrical / Mechanical,UPS / Generators,Uninterruptible Power Supply,10,ITS - UPS,RAMC / BAC / PoB / TSRC group,Toowoomba Second Range Crossing,100.0%,100.0%,100.0%,0.0%,0.0%,0.0%,100.0%,100.0%,100.0%,0.0%,0.0,53,132,0,100,10,manual_asset_type_mapping_v5
Line Marking / Delineation,General Line Marking,Line Marking,29158,Linemarking; Markings,RAMC / BAC / PoB / TSRC group; VNZ; VicRoads,Auckland West Transport; Toowoomba Second Range Crossing; Western Roads Upgrade (WRU),100.0%,100.0%,78.1%,68.4%,0.0%,100.0%,100.0%,14.3%,2.8%,0.0%,0.0,7178,1135,0,638347,94,manual_asset_type_mapping_v5
Line Marking / Delineation,Line Marking Condition,Linemarking Condition,72637,Linemarking Condition,VicRoads,Western Roads Upgrade (WRU),100.0%,100.0%,0.0%,0.0%,0.0%,100.0%,100.0%,0.0%,0.0%,0.0%,719.682,2,0,0,2832843,39,manual_asset_type_mapping_v5
Line Marking / Delineation,Raised Pavement Markers,Raised Reflective Pavement Marker,47531,Linemarking RRPMs,VicRoads,Western Roads Upgrade (WRU),100.0%,100.0%,99.8%,0.0%,0.0%,100.0%,100.0%,0.0%,0.0%,0.0%,0.0,1,0,0,190124,4,manual_asset_type_mapping_v5
Line Marking / Delineation,Symbols / School Zone Markings,Line Marking Symbol,15051,Linemarking Symbols,RAMC / BAC / PoB / TSRC group; VicRoads,Toowoomba Second Range Crossing; Western Roads Upgrade (WRU),100.0%,100.0%,92.6%,47.5%,0.0%,100.0%,100.0%,2.0%,0.0%,0.0%,0.0,311,0,0,260596,34,manual_asset_type_mapping_v5
Line Marking / Delineation,Symbols / School Zone Markings,School Zone 40 Patch,3184,SZ 40 Patch,RMS; RMS new,SRAP-C,100.0%,100.0%,0.0%,0.0%,0.0%,0.0%,100.0%,0.1%,0.0%,0.0%,0.0,4,0,0,25472,9,manual_asset_type_mapping_v5
Line Marking / Delineation,Symbols / School Zone Markings,School Zone Dragons Teeth,2496,SZ Dragons Teeth,RMS; RMS new,SRAP-C,100.0%,100.0%,0.0%,0.0%,0.0%,0.0%,100.0%,0.0%,0.0%,0.0%,0.0,0,0,0,19968,9,manual_asset_type_mapping_v5
Line Marking / Delineation,Symbols / School Zone Markings,School Zone Raised Zebra Crossing,622,SZ Raised Zebra Crossing,RMS; RMS new,SRAP-C,100.0%,100.0%,0.0%,0.0%,0.0%,0.0%,100.0%,0.0%,0.0%,0.0%,0.0,0,0,0,4976,9,manual_asset_type_mapping_v5
Line Marking / Delineation,Symbols / School Zone Markings,Symbolic Pavement Marking,748,Symbolic Pavement Marking,RMS; RMS new,SRAP-C,100.0%,100.0%,0.0%,0.0%,0.0%,100.0%,100.0%,0.0%,0.0%,0.0%,0.0,0,0,0,6732,9,manual_asset_type_mapping_v5
Pavement / Surfacing,Paved Areas / Parking,Carpark,343,Carparks,RAMC / BAC / PoB / TSRC group,Brisbane Airport,100.0%,100.0%,0.0%,0.0%,0.0%,0.0%,100.0%,13.4%,12.2%,0.0%,0.0,453,42,31,2401,7,manual_asset_type_mapping_v5
Pavement / Surfacing,Paved Areas / Parking,Off-road Paved Area,83,Offroad Paved Area,RMS; RMS new,SRAP-C,100.0%,100.0%,0.0%,0.0%,0.0%,100.0%,100.0%,2.4%,0.0%,0.0%,7.644,4,0,0,3570,44,manual_asset_type_mapping_v5
Pavement / Surfacing,Paved Areas / Parking,Parking,51,Parking,RAMC / BAC / PoB / TSRC group,Toowoomba Second Range Crossing,100.0%,100.0%,100.0%,0.0%,0.0%,100.0%,100.0%,29.4%,98.0%,0.0%,0.0,16,540,0,1920,38,manual_asset_type_mapping_v5
Pavement / Surfacing,Paved Areas / Parking,Parking Area,216,Parking Areas,VicRoads,Western Roads Upgrade (WRU),100.0%,100.0%,0.0%,0.0%,0.0%,0.0%,100.0%,0.0%,0.0%,0.0%,0.0,0,0,0,1944,9,manual_asset_type_mapping_v5
Pavement / Surfacing,Paved Areas / Parking,Paved Area,4139,Paved Areas,VicRoads,"Initial Rehabilitation Works (IRW), Proposed Work Applications (PWA); Initial Rehabilitation Works (IRW), Proposed Work Applications (PWA), Western Roads Upgrade (WRU); Initial Rehabilitation Works (IRW), Western Roads Upgrade (WRU); Proposed Work Applications (PWA), Western Roads Upgrade (WRU); Western Roads Upgrade (WRU)",100.0%,100.0%,51.6%,43.6%,0.0%,100.0%,100.0%,30.8%,44.6%,17.7%,679.434,4316,4959,0,47622,15,manual_asset_type_mapping_v5
Pavement / Surfacing,Pavement Inventory / Condition,Pavement Inventory,7919,Pavement Inventory,VicRoads,WRU - DTP Reporting,100.0%,100.0%,0.0%,0.0%,0.0%,100.0%,100.0%,0.0%,0.0%,0.0%,802.175,0,0,0,126704,16,manual_asset_type_mapping_v5
Pavement / Surfacing,Pavement Inventory / Condition,Road in Good Condition,88,Roads in Good Condition,VicRoads,Western Roads Upgrade (WRU),100.0%,100.0%,0.0%,0.0%,0.0%,100.0%,100.0%,0.0%,0.0%,0.0%,0.0,0,0,0,704,8,manual_asset_type_mapping_v5
Pavement / Surfacing,Pavement Inventory / Condition,Roughness,1,Roughness,VicRoads,Ventia - Custom Asset Registers,100.0%,100.0%,0.0%,0.0%,0.0%,0.0%,100.0%,0.0%,0.0%,0.0%,0.0,0,0,0,10,10,manual_asset_type_mapping_v5
Pavement / Surfacing,Pavement Structure / Formation,Pavement Structures,4182,Pavement Structures,VNZ,Auckland West Transport,100.0%,100.0%,0.0%,0.0%,0.0%,100.0%,100.0%,0.0%,0.0%,0.0%,0.0,0,0,0,62730,15,manual_asset_type_mapping_v5
Pavement / Surfacing,Pavement Surface,Pavement,5476,Pavement; Pavements,RAMC / BAC / PoB / TSRC group; VNS; VNZ,Auckland West Transport; Sydney Harbour Tunnel (SHT); Toowoomba Second Range Crossing,100.0%,100.0%,1.8%,0.0%,0.0%,98.2%,100.0%,6.5%,1.8%,0.0%,0.0,453,819,3,166360,155,manual_asset_type_mapping_v5
Pavement / Surfacing,Pavement Surface,Pavement Surfacing,9524,Pavement Surfacing; Surfacing,RAMC / BAC / PoB / TSRC group; VNZ,Auckland West Transport; Toowoomba Second Range Crossing,100.0%,100.0%,3.8%,0.0%,0.0%,100.0%,100.0%,0.2%,0.0%,0.0%,0.0,27,0,0,438830,93,manual_asset_type_mapping_v5
Pavement / Surfacing,Road Carriageway,Road,2983,Road; Roads,RAMC / BAC / PoB / TSRC group; RMS; RMS new; VNZ; VicRoads,"Auckland West Transport; Brisbane Airport; Demo Contract, RAMC - Gen 2 - 2019-2024; Initial Capital Projects (ICP), Initial Rehabilitation Works (IRW), Proposed Work Applications (PWA), Western Roads Upgrade (WRU), WRU - DTP Reporting; Initial Rehabilitation Works (IRW), Proposed Work Applications (PWA), Western Roads Upgrade (WRU), WRU - DTP Reporting; Port of Brisbane; RAMC - Gen 2 - 2019-2024; RAMC - Gen 2 - North; SRAP-C; SRAP-C OOC; SRAP-C, SRAP-C OOC; Sydney Harbour Tunnel (SHT); Toowoomba Second Range Crossing",98.4%,98.4%,0.0%,0.0%,0.0%,4.7%,98.6%,66.7%,54.0%,0.1%,0.0,335151,125599,729,20070,41,manual_asset_type_mapping_v5
Pavement / Surfacing,Unsealed Pavement,Unsealed Pavement,55,Unsealed,VNZ,Auckland West Transport,100.0%,100.0%,0.0%,0.0%,0.0%,100.0%,100.0%,9.1%,0.0%,0.0%,0.0,6,0,0,1540,28,manual_asset_type_mapping_v5
Plant / Vehicles / Equipment,Tools,Tools,83,Tools,VNS,Sydney Harbour Tunnel (SHT),0.0%,0.0%,34.9%,0.0%,0.0%,0.0%,100.0%,6.0%,77.1%,0.0%,0.0,7,207,0,6172,78,manual_asset_type_mapping_v5
Plant / Vehicles / Equipment,Vehicles,Vehicle,56,Vehicles,RAMC / BAC / PoB / TSRC group; VNS,Sydney Harbour Tunnel (SHT); Toowoomba Second Range Crossing,0.0%,0.0%,23.2%,0.0%,0.0%,0.0%,100.0%,1.8%,26.8%,0.0%,0.0,1,816,1,1215,77,manual_asset_type_mapping_v5
Road Network / Geometry,AED Spatial Assets,AED Linear Asset,5593,AED - Linear Assets,RAMC / BAC / PoB / TSRC group,Toowoomba Second Range Crossing,100.0%,100.0%,0.0%,0.0%,0.0%,0.0%,100.0%,2.4%,76.2%,0.0%,0.0,536,39008,0,22373,5,manual_asset_type_mapping_v5
Road Network / Geometry,AED Spatial Assets,AED Point Asset,10950,AED - Point Assets,RAMC / BAC / PoB / TSRC group,Toowoomba Second Range Crossing,100.0%,100.0%,0.0%,0.0%,0.0%,0.0%,100.0%,5.2%,89.1%,0.0%,0.0,1521,81984,0,43801,5,manual_asset_type_mapping_v5
Road Network / Geometry,AED Spatial Assets,AED Polygon Asset,5134,AED - Polygon Assets,RAMC / BAC / PoB / TSRC group,Toowoomba Second Range Crossing,100.0%,100.0%,0.0%,0.0%,0.0%,0.0%,100.0%,3.0%,14.4%,0.0%,0.0,227,3871,0,20537,5,manual_asset_type_mapping_v5
Road Network / Geometry,Carriageway / Airside Network,Airside,13,Airside,RAMC / BAC / PoB / TSRC group,Brisbane Airport,100.0%,100.0%,0.0%,0.0%,0.0%,0.0%,0.0%,84.6%,15.4%,0.0%,0.0,127,3,168,0,0,manual_asset_type_mapping_v5
Road Network / Geometry,Carriageway / Airside Network,Link Carriageway,1538,Link Carriageway,RMS; RMS new,"SRAP-C; SRAP-C OOC; SRAP-C, SRAP-C OOC",96.5%,96.5%,0.0%,0.0%,0.0%,100.0%,100.0%,92.4%,8.2%,0.0%,2125.194,80885,206,55,11257,8,manual_asset_type_mapping_v5
Road Network / Geometry,Geometric Features,Feature,3706,Feature,VicRoads,Western Roads Upgrade (WRU),99.7%,99.7%,0.0%,0.0%,0.0%,100.0%,100.0%,0.5%,31.6%,13.3%,0.0,24,1170,0,20092,7,manual_asset_type_mapping_v5
Road Network / Geometry,Geometric Features,Feature - Old Shape Version,335,Feature - Old Shape Version,VicRoads,Western Roads Upgrade (WRU),98.8%,98.8%,0.0%,88.4%,0.0%,100.0%,100.0%,0.0%,88.4%,0.0%,0.26,0,298,0,1675,5,manual_asset_type_mapping_v5
Road Network / Geometry,Geometric Features,Strip Map Geometric Feature,607,Strip Map - Geometric Features,RAMC / BAC / PoB / TSRC group,Toowoomba Second Range Crossing,100.0%,100.0%,0.0%,0.0%,0.0%,100.0%,100.0%,0.0%,0.0%,0.0%,11.559,0,0,0,3644,8,manual_asset_type_mapping_v5
Road Network / Geometry,Network Segments / Sections,PCAS 100m Segment,9065,PCAS 100m Segments,RAMC / BAC / PoB / TSRC group,Toowoomba Second Range Crossing,100.0%,100.0%,0.0%,0.0%,0.0%,100.0%,100.0%,1.8%,1.9%,0.0%,913.339,217,173,0,774579,86,manual_asset_type_mapping_v5
Road Network / Geometry,Network Segments / Sections,Section,5106,Sections,VNZ,Auckland West Transport,100.0%,100.0%,0.0%,0.0%,0.0%,100.0%,100.0%,76.9%,0.0%,0.0%,998.038,47578,0,0,153180,30,manual_asset_type_mapping_v5
Road Network / Geometry,Network Segments / Sections,Segment,15783,Segment; Segments,RAMC / BAC / PoB / TSRC group; RMS; RMS new; VicRoads,"Demo Contract, RAMC - Gen 2 - 2019-2024; Port of Brisbane; RAMC - Gen 2 - 2019-2024; SRAP-C; SRAP-C OOC; SRAP-C, SRAP-C OOC; Western Roads Upgrade (WRU)",99.4%,99.4%,0.0%,0.0%,0.0%,99.2%,100.0%,66.3%,1.4%,0.0%,3707.782,139922,486,2,1233427,158,manual_asset_type_mapping_v5
Road Network / Geometry,Operational Areas,PSDR Additional Area,174,PSDR Additional Areas,VicRoads,Western Roads Upgrade (WRU),100.0%,100.0%,0.6%,100.0%,0.0%,100.0%,100.0%,8.0%,0.0%,8.0%,15289.588,21,0,0,1044,6,manual_asset_type_mapping_v5
Road Network / Geometry,Ramps / Maintenance Tracks,Maintenance Track,525,Maintenance Tracks,RAMC / BAC / PoB / TSRC group,Toowoomba Second Range Crossing,100.0%,100.0%,100.0%,0.0%,0.0%,100.0%,100.0%,25.9%,81.1%,0.0%,0.0,123,674,0,27219,54,manual_asset_type_mapping_v5
Road Network / Geometry,Ramps / Maintenance Tracks,Ramp,1854,Ramp,RAMC / BAC / PoB / TSRC group,"Demo Contract, RAMC - Gen 2 - 2019-2024; RAMC - Gen 2 - 2019-2024; RAMC - Gen 2 - North",100.0%,100.0%,0.0%,0.0%,0.0%,100.0%,100.0%,12.0%,59.2%,0.0%,321.931,624,18741,3,70452,38,manual_asset_type_mapping_v5
Roadside Furniture / Amenities,Litter Baskets,Litter Basket,166,Litter Baskets,RAMC / BAC / PoB / TSRC group,Port of Brisbane,100.0%,100.0%,5.4%,0.0%,0.0%,0.0%,100.0%,100.0%,0.0%,9.0%,0.0,1441,0,0,1161,7,manual_asset_type_mapping_v5
Roadside Furniture / Amenities,Public Art,Public Art,24,Public Art,VicRoads,Western Roads Upgrade (WRU),100.0%,100.0%,95.8%,87.5%,0.0%,100.0%,100.0%,12.5%,4.2%,95.8%,0.0,3,4,0,673,14,manual_asset_type_mapping_v5
Roadside Furniture / Amenities,Roadside Furniture,Roadside Furniture,105,Roadside Furnitures,VNS,Sydney Harbour Tunnel (SHT),100.0%,100.0%,89.5%,3.8%,0.0%,0.0%,100.0%,5.7%,81.0%,6.7%,0.0,8,524,0,8076,78,manual_asset_type_mapping_v5
Roadside Furniture / Amenities,Shelters / Rest Areas,Rest Area,84,Rest Area,RMS; RMS new,"SRAP-C; SRAP-C, SRAP-C OOC",100.0%,100.0%,0.0%,0.0%,0.0%,100.0%,100.0%,13.1%,0.0%,0.0%,0.0,31,0,0,12804,154,manual_asset_type_mapping_v5
Roadside Furniture / Amenities,Shelters / Rest Areas,Shelter,954,Shelters,VNZ,Auckland West Transport,100.0%,100.0%,0.0%,0.0%,0.0%,100.0%,100.0%,2.2%,0.0%,0.0%,0.0,24,0,0,41976,44,manual_asset_type_mapping_v5
Signs / Roadside Information,Electronic / Dynamic Signs,Changeable Message Sign,2,CMS - Changeable Message Signs,RMS; RMS new,SRAP-C,100.0%,100.0%,0.0%,0.0%,0.0%,0.0%,100.0%,0.0%,0.0%,0.0%,0.0,0,0,0,102,51,manual_asset_type_mapping_v5
Signs / Roadside Information,Electronic / Dynamic Signs,Electronic Regulatory Sign,20,RC4 - Electronic Regulatory Signs,RMS; RMS new,SRAP-C,100.0%,100.0%,0.0%,0.0%,0.0%,0.0%,100.0%,0.0%,0.0%,0.0%,0.0,0,0,0,300,16,manual_asset_type_mapping_v5
Signs / Roadside Information,Electronic / Dynamic Signs,Electronic Sign,18,RC1 - Electronic Signs,RMS; RMS new,SRAP-C,100.0%,100.0%,0.0%,0.0%,0.0%,0.0%,100.0%,77.8%,0.0%,0.0%,0.0,94,0,0,1536,86,manual_asset_type_mapping_v5
Signs / Roadside Information,Electronic / Dynamic Signs,Electronic Signage System,380,Electronic Signage Systems,VNS,Sydney Harbour Tunnel (SHT),100.0%,100.0%,100.0%,100.0%,0.0%,0.0%,100.0%,8.7%,92.4%,0.0%,0.0,41,2593,2,29605,78,manual_asset_type_mapping_v5
Signs / Roadside Information,Electronic / Dynamic Signs,Electronic Speed Limit Sign,979,ESLS(VSS),VentureSmart,VentureSmart,100.0%,100.0%,0.0%,0.0%,0.0%,0.0%,100.0%,92.7%,0.0%,0.0%,0.0,4174,0,0,3916,4,manual_asset_type_mapping_v5
Signs / Roadside Information,Electronic / Dynamic Signs,Flasher Sign,4,RC2 - Flasher Signs,RMS; RMS new,SRAP-C,100.0%,100.0%,0.0%,0.0%,0.0%,0.0%,100.0%,0.0%,0.0%,0.0%,0.0,0,0,0,328,84,manual_asset_type_mapping_v5
Signs / Roadside Information,Electronic / Dynamic Signs,Integrated Speed Limit and Lane Usage Sign,252,ISLUS - Integrated Speed Limit & Lane Usage Sign,RMS; RMS new,SRAP-C,100.0%,100.0%,0.0%,0.0%,0.0%,0.0%,100.0%,54.0%,99.2%,0.0%,0.0,418,252,0,16128,64,manual_asset_type_mapping_v5
Signs / Roadside Information,Electronic / Dynamic Signs,Variable Message Sign,473,ITS - Variable Message Sign; VMS - Variable Message Signs; Variable Message Sign,RAMC / BAC / PoB / TSRC group; RMS; RMS new; VentureSmart,SRAP-C; Toowoomba Second Range Crossing; VentureSmart,100.0%,100.0%,1.5%,0.0%,0.0%,0.0%,100.0%,64.9%,29.8%,0.4%,0.0,2938,232,0,18594,82,manual_asset_type_mapping_v5
Signs / Roadside Information,Electronic / Dynamic Signs,Variable Message Sign Gantry,2,Gantries & VMS Signs,RAMC / BAC / PoB / TSRC group,Port of Brisbane,100.0%,100.0%,0.0%,0.0%,0.0%,0.0%,100.0%,100.0%,0.0%,0.0%,0.0,2,0,0,8,4,manual_asset_type_mapping_v5
Signs / Roadside Information,Electronic / Dynamic Signs,Variable Message Sign Type A,18,RC3 - Electronic message signs (VMS type A),RMS; RMS new,SRAP-C,100.0%,100.0%,0.0%,0.0%,0.0%,0.0%,100.0%,66.7%,0.0%,0.0%,0.0,94,0,0,1476,83,manual_asset_type_mapping_v5
Signs / Roadside Information,Electronic / Dynamic Signs,Variable Speed Limit Sign,206,VSLS - Variable Speed Limit Signs,RMS; RMS new,SRAP-C,100.0%,100.0%,0.0%,0.0%,0.0%,0.0%,100.0%,12.6%,15.5%,0.0%,0.0,116,32,0,13440,65,manual_asset_type_mapping_v5
Signs / Roadside Information,Guide / Warning Signs,Advanced Warning Sign,58,AWS - Advanced Warning Signs,RMS; RMS new,SRAP-C,100.0%,100.0%,0.0%,3.4%,0.0%,0.0%,100.0%,69.0%,72.4%,3.4%,0.0,182,42,0,2901,51,manual_asset_type_mapping_v5
Signs / Roadside Information,Guide / Warning Signs,Flood Route Sign,104,Flood Route Signs,RMS; RMS new,SRAP-C,100.0%,100.0%,0.0%,0.0%,0.0%,0.0%,100.0%,0.0%,0.0%,0.0%,0.0,0,0,0,1356,14,manual_asset_type_mapping_v5
Signs / Roadside Information,Guide / Warning Signs,Guide Sign,437,Guide Signs,RAMC / BAC / PoB / TSRC group,Brisbane Airport,100.0%,100.0%,99.3%,0.0%,0.0%,0.0%,100.0%,10.1%,0.0%,0.0%,0.0,49,0,0,3059,7,manual_asset_type_mapping_v5
Signs / Roadside Information,Guide / Warning Signs,Guidepost,2185,Guideposts,RAMC / BAC / PoB / TSRC group,Toowoomba Second Range Crossing,100.0%,100.0%,100.0%,0.0%,0.0%,100.0%,100.0%,0.4%,0.0%,0.0%,0.0,9,0,0,9468,5,manual_asset_type_mapping_v5
Signs / Roadside Information,School Zone Signs,School Zone,744,School Zone,RMS; RMS new,SRAP-C,100.0%,100.0%,0.0%,0.0%,0.0%,0.0%,100.0%,5.1%,100.0%,0.0%,0.0,54,878,0,29016,39,manual_asset_type_mapping_v5
Signs / Roadside Information,School Zone Signs,School Zone Sign,8808,SZAS - School Zone Signs,RMS; RMS new,SRAP-C,100.0%,100.0%,0.0%,0.0%,0.0%,0.0%,100.0%,99.5%,96.4%,0.0%,0.0,58750,9096,54,652811,75,manual_asset_type_mapping_v5
Signs / Roadside Information,School Zone Signs,School Zone Static Sign,10458,SZ Static Sign,RMS; RMS new,SRAP-C,100.0%,100.0%,0.0%,0.0%,0.0%,0.0%,100.0%,0.2%,4.4%,0.0%,0.0,26,458,0,83664,9,manual_asset_type_mapping_v5
Signs / Roadside Information,Sign Structures,Major Sign Structure,55,Major Sign Structure; Major Sign Structures,RAMC / BAC / PoB / TSRC group; VicRoads,"Initial Rehabilitation Works (IRW), Proposed Work Applications (PWA); Initial Rehabilitation Works (IRW), Proposed Work Applications (PWA), Western Roads Upgrade (WRU); Proposed Work Applications (PWA); Proposed Work Applications (PWA), Western Roads Upgrade (WRU); Toowoomba Second Range Crossing; Western Roads Upgrade (WRU)",100.0%,100.0%,20.0%,29.1%,0.0%,100.0%,100.0%,45.5%,67.3%,29.1%,0.0,189,374,28,2092,65,manual_asset_type_mapping_v5
Signs / Roadside Information,Static Signs,Minor Sign,60077,Minor Sign,RMS; RMS new; VicRoads,"Initial Rehabilitation Works (IRW), Proposed Work Applications (PWA), Western Roads Upgrade (WRU); Initial Rehabilitation Works (IRW), Western Roads Upgrade (WRU); Proposed Work Applications (PWA), Western Roads Upgrade (WRU); SRAP-C; SRAP-C, SRAP-C OOC; Western Roads Upgrade (WRU)",100.0%,100.0%,38.6%,22.9%,0.0%,100.0%,100.0%,18.4%,0.0%,0.5%,0.0,28149,2,0,2186615,78,manual_asset_type_mapping_v5
Signs / Roadside Information,Static Signs,Sign,27448,Sign; Signage; Signs,RAMC / BAC / PoB / TSRC group; VNZ,Auckland West Transport; Brisbane Airport; Toowoomba Second Range Crossing,100.0%,100.0%,11.3%,0.0%,0.0%,91.2%,100.0%,1.8%,2.6%,0.1%,0.0,600,713,0,1114639,114,manual_asset_type_mapping_v5
Structures / Bridges / Tunnels,Bridges,Bridge,868,Bridge; Bridges,RAMC / BAC / PoB / TSRC group; RMS; RMS new; VNZ,"Auckland West Transport; Port of Brisbane; SRAP-C; SRAP-C OOC; SRAP-C, SRAP-C OOC; Toowoomba Second Range Crossing",98.8%,98.8%,3.6%,0.0%,0.0%,86.6%,100.0%,42.7%,46.9%,0.0%,0.0,2027,1627,9,22158,150,manual_asset_type_mapping_v5
Structures / Bridges / Tunnels,Bridges,Lift Bridge,2,Lift Bridges,RMS; RMS new,SRAP-C,100.0%,100.0%,0.0%,0.0%,0.0%,100.0%,100.0%,100.0%,100.0%,0.0%,0.0,20,224,0,36,18,manual_asset_type_mapping_v5
Structures / Bridges / Tunnels,Gantries,Gantry,1,Gantries,RAMC / BAC / PoB / TSRC group,Brisbane Airport,100.0%,100.0%,100.0%,0.0%,0.0%,0.0%,0.0%,100.0%,0.0%,100.0%,0.0,1,0,0,0,0,manual_asset_type_mapping_v5
Structures / Bridges / Tunnels,Structures / Components,Airside Major Structure,16,Major Structure Airside,RAMC / BAC / PoB / TSRC group,Brisbane Airport,100.0%,100.0%,0.0%,0.0%,0.0%,0.0%,100.0%,6.2%,0.0%,0.0%,0.0,1,0,1,144,9,manual_asset_type_mapping_v5
Structures / Bridges / Tunnels,Structures / Components,Art Structure,1,Art Structure,RMS,SRAP-C,100.0%,100.0%,0.0%,0.0%,0.0%,0.0%,100.0%,0.0%,0.0%,0.0%,0.0,0,0,0,63,63,manual_asset_type_mapping_v5
Structures / Bridges / Tunnels,Structures / Components,Landside Major Structure,51,Major Structure Landside,RAMC / BAC / PoB / TSRC group,Brisbane Airport,100.0%,100.0%,0.0%,0.0%,0.0%,0.0%,100.0%,19.6%,0.0%,0.0%,0.0,22,0,6,459,9,manual_asset_type_mapping_v5
Structures / Bridges / Tunnels,Structures / Components,Minor Structure,763,Minor Structures,VNZ,Auckland West Transport,100.0%,100.0%,0.0%,0.0%,0.0%,100.0%,100.0%,0.1%,0.0%,0.0%,0.0,1,0,0,5341,7,manual_asset_type_mapping_v5
Structures / Bridges / Tunnels,Structures / Components,Structural Component,2087,Structural Component,RAMC / BAC / PoB / TSRC group,Toowoomba Second Range Crossing,100.0%,100.0%,0.0%,0.0%,0.0%,0.0%,100.0%,0.1%,0.0%,0.0%,0.0,2,0,0,56820,62,manual_asset_type_mapping_v5
Structures / Bridges / Tunnels,Structures / Components,Structure,266,Structures,RAMC / BAC / PoB / TSRC group; VNS,Sydney Harbour Tunnel (SHT); Toowoomba Second Range Crossing,100.0%,100.0%,93.6%,15.8%,0.0%,0.4%,100.0%,19.2%,95.9%,0.4%,0.0,98,5794,10,20870,148,manual_asset_type_mapping_v5
Structures / Bridges / Tunnels,Structures / Components,Structure Component,1893,Structure Components,VicRoads,Western Roads Upgrade (WRU),0.0%,0.0%,92.0%,0.0%,0.0%,0.0%,100.0%,0.0%,0.0%,0.0%,0.0,0,0,0,72407,39,manual_asset_type_mapping_v5
Structures / Bridges / Tunnels,Structures / Components,Support Structure,1332,Support Structure,RMS; RMS new,"SRAP-C; SRAP-C, SRAP-C OOC",100.0%,100.0%,0.0%,0.0%,0.0%,98.3%,100.0%,32.7%,67.9%,38.3%,0.0,544,1958,0,83916,63,manual_asset_type_mapping_v5
Structures / Bridges / Tunnels,Tunnels,Tunnel,1499,Tunnels,VNS,Sydney Harbour Tunnel (SHT),100.0%,100.0%,6.1%,79.7%,0.0%,0.0%,100.0%,4.3%,34.8%,0.0%,0.0,147,3494,6,107660,77,manual_asset_type_mapping_v5
Structures / Bridges / Tunnels,Tunnels,Tunnel Structure,4,Tunnel Structure,RMS; RMS new,SRAP-C,100.0%,100.0%,0.0%,0.0%,0.0%,0.0%,100.0%,50.0%,100.0%,0.0%,0.0,52,116,0,372,95,manual_asset_type_mapping_v5
Structures / Bridges / Tunnels,Walls,Noise Wall,288,Noise Wall,RMS; RMS new; VicRoads,"Initial Rehabilitation Works (IRW), Proposed Work Applications (PWA), Western Roads Upgrade (WRU); SRAP-C; Western Roads Upgrade (WRU)",100.0%,100.0%,0.0%,0.0%,0.0%,9.7%,100.0%,51.7%,82.6%,0.7%,3.513,442,727,11,18563,112,manual_asset_type_mapping_v5
Structures / Bridges / Tunnels,Walls,Retaining Wall,869,Retaining Wall,RAMC / BAC / PoB / TSRC group; VNZ; VicRoads,"Auckland West Transport; Initial Rehabilitation Works (IRW), Proposed Work Applications (PWA); Initial Rehabilitation Works (IRW), Proposed Work Applications (PWA), Western Roads Upgrade (WRU); Initial Rehabilitation Works (IRW), Western Roads Upgrade (WRU); Proposed Work Applications (PWA), Western Roads Upgrade (WRU); Toowoomba Second Range Crossing; Western Roads Upgrade (WRU)",100.0%,100.0%,0.6%,0.6%,0.0%,100.0%,100.0%,3.7%,4.1%,2.3%,3.208,510,422,41,37040,138,manual_asset_type_mapping_v5
Third Party / Temporary / Other,Miscellaneous / Other,Miscellaneous,5,Miscellaneous,VentureSmart,VentureSmart,100.0%,100.0%,0.0%,0.0%,0.0%,0.0%,100.0%,0.0%,0.0%,0.0%,0.0,0,0,0,20,4,manual_asset_type_mapping_v5
Third Party / Temporary / Other,Miscellaneous / Other,Other Item,23,Other Items,VNS,Sydney Harbour Tunnel (SHT),100.0%,100.0%,65.2%,0.0%,0.0%,0.0%,100.0%,17.4%,65.2%,0.0%,0.0,7,348,0,1734,78,manual_asset_type_mapping_v5
Third Party / Temporary / Other,Sites / Stockpiles,Bid Site,1,Bid Site,VicRoads,Melton City Council,100.0%,100.0%,0.0%,0.0%,0.0%,0.0%,0.0%,100.0%,100.0%,0.0%,0.0,1,1,0,0,0,manual_asset_type_mapping_v5
Third Party / Temporary / Other,Sites / Stockpiles,Stockpile Site,42,Stockpile Sites,RAMC / BAC / PoB / TSRC group,RAMC - Gen 2 - North,100.0%,100.0%,0.0%,0.0%,0.0%,100.0%,100.0%,0.0%,0.0%,42.9%,0.0,0,0,0,630,15,manual_asset_type_mapping_v5
Third Party / Temporary / Other,Temporary Assets,Temporary Asset,82,Temporary Asset,RMS; RMS new,SRAP-C,100.0%,100.0%,7.3%,0.0%,0.0%,0.0%,100.0%,0.0%,0.0%,7.3%,0.0,0,0,0,741,10,manual_asset_type_mapping_v5
Third Party / Temporary / Other,Third Party Works,Third Party Work - Consent,11,Third Party Works (Consents),VicRoads,Western Roads Upgrade (WRU),100.0%,100.0%,0.0%,9.1%,0.0%,100.0%,100.0%,18.2%,0.0%,9.1%,0.0,4,0,0,493,49,manual_asset_type_mapping_v5
Third Party / Temporary / Other,Third Party Works,Third Party Work - PWA,197,Third Party Works (PWAs),VicRoads,Western Roads Upgrade (WRU),100.0%,100.0%,0.0%,1.0%,0.0%,100.0%,100.0%,24.9%,36.0%,2.0%,0.0,183,134,0,5690,49,manual_asset_type_mapping_v5
Vegetation / Landscaping,Landscaping / Grass,Grass and Landscaping,3716,Grass & Landscaping,VicRoads,"Initial Rehabilitation Works (IRW), Proposed Work Applications (PWA), Western Roads Upgrade (WRU); Initial Rehabilitation Works (IRW), Western Roads Upgrade (WRU); Proposed Work Applications (PWA), Western Roads Upgrade (WRU); Western Roads Upgrade (WRU)",100.0%,100.0%,0.0%,50.2%,0.0%,100.0%,100.0%,35.6%,0.0%,0.0%,0.021,6040,0,0,54243,19,manual_asset_type_mapping_v5
Vegetation / Landscaping,Landscaping / Grass,Landscape Area,57,Landscape Areas,RAMC / BAC / PoB / TSRC group,Port of Brisbane,100.0%,100.0%,0.0%,0.0%,0.0%,0.0%,100.0%,82.5%,0.0%,0.0%,0.0,48,0,0,341,6,manual_asset_type_mapping_v5
Vegetation / Landscaping,Landscaping / Grass,Landscaping,3775,Landscaping,RAMC / BAC / PoB / TSRC group,Toowoomba Second Range Crossing,100.0%,100.0%,100.0%,0.0%,0.0%,100.0%,100.0%,3.9%,0.8%,0.0%,0.0,238,180,0,135121,37,manual_asset_type_mapping_v5
Vegetation / Landscaping,Landscaping / Grass,Landscaping Design Polygon,3745,Landscaping - Design Polygons,RAMC / BAC / PoB / TSRC group,Toowoomba Second Range Crossing,100.0%,100.0%,100.0%,0.0%,0.0%,0.0%,100.0%,0.3%,0.0%,0.0%,0.0,13,0,0,71155,19,manual_asset_type_mapping_v5
Vegetation / Landscaping,Landscaping / Grass,Roadside Landscaping,100,Roadside Landscaping,RMS; RMS new,SRAP-C,100.0%,100.0%,0.0%,0.0%,0.0%,100.0%,100.0%,16.0%,0.0%,0.0%,18.16,48,0,0,3100,32,manual_asset_type_mapping_v5
Vegetation / Landscaping,Trees,Tree,12763,Tree; Trees,RAMC / BAC / PoB / TSRC group; VNZ; VicRoads,"Auckland West Transport; Initial Rehabilitation Works (IRW), Proposed Work Applications (PWA), Western Roads Upgrade (WRU); Initial Rehabilitation Works (IRW), Western Roads Upgrade (WRU); Proposed Work Applications (PWA), Western Roads Upgrade (WRU); Toowoomba Second Range Crossing; Western Roads Upgrade (WRU)",100.0%,100.0%,59.9%,57.9%,0.0%,100.0%,100.0%,9.1%,1.4%,0.3%,5404.819,1875,334,0,398387,90,manual_asset_type_mapping_v5
